{
  "project_info": {
    "project_number": "949856512818",
    "project_id": "jabali-987af",
    "storage_bucket": "jabali-987af.appspot.com"
  },
  "client": [
    {
      "client_info": {
        "mobilesdk_app_id": "1:949856512818:android:8700855a16b8eeae81852b",
        "android_client_info": {
          "package_name": "com.example.jabali"
        }
      },
      "oauth_client": [
        {
          "client_id": "949856512818-kmltgp3b0930q9q677vdtgmtia3hvoei.apps.googleusercontent.com",
          "client_type": 3
        }
      ],
      "api_key": [
        {
          "current_key": "AIzaSyBn4HNXhLxSTt9DB1n3hbz-oE2v0ABpwWs"
        }
      ],
      "services": {
        "appinvite_service": {
          "other_platform_oauth_client": [
            {
              "client_id": "949856512818-kmltgp3b0930q9q677vdtgmtia3hvoei.apps.googleusercontent.com",
              "client_type": 3
            }
          ]
        }
      }
    }
  ],
  "configuration_version": "1"
}